<?xml version='1.0' standalone='yes'?>
<extensions>
  <icon>plugins/FranceTV/html/images/francetv.jpg</icon>
  <optionsURL>plugins/FranceTV/settings/basic.html</optionsURL>
  <targetApplication>
    <maxVersion>*</maxVersion>
    <id>SlimServer</id>
    <minVersion>7.7</minVersion>
  </targetApplication>
  <creator>Philippe</creator>
  <version>0.82.0</version>
  <name>PLUGIN_FRANCETV</name>
  <description>PLUGIN_FRANCETV_DESC</description>
  <email>philippe_44@outlook.com</email>
  <defaultState>enabled</defaultState>
  <module>Plugins::FranceTV::Plugin</module>
</extensions>
