<?xml version='1.0' standalone='yes'?>
<extensions>
  <icon>plugins/Pluzz/html/images/pluzz.png</icon>
  <targetApplication>
    <maxVersion>7.*</maxVersion>
    <id>SlimServer</id>
    <minVersion>7.7</minVersion>
  </targetApplication>
  <optionsURL>plugins/Pluzz/settings/basic.html</optionsURL>
  <defaultState>enabled</defaultState>
  <version>0.42.0</version>
  <name>PLUGIN_PLUZZ</name>
  <description>PLUGIN_PLUZZ_DESC</description>
  <module>Plugins::Pluzz::Plugin</module>
</extensions>
